track_name	1	2	3	4	5	6	7	8	9	10	11	12	13	14	15	16	17	18	19	20	21	22	23	24	25	26	27	28	29	30	31
ACACB																										Causative Het missense					
ACAD9/CFAP92									Causative Het splice and intronic																						
ACADM							Causative Het missense	Causative Het missense																							
C1QL4																Contributory Het nonsense															
C2																								Predisposing Het splicing							
C6																													Predisposing Het splicing		
CACNA1B																															Causative Het missense
CACNA1G																Causative Het missense															
CACNA1S				Contributory Het missense									Causative Het missense																		
CACNG6					Contributory Het missense																										
CARD14									Contributory Het missense																						
CD36														Contributory Het splicing																	
CENPF																					Incidental Het nonsense	Incidental Het nonsense	Incidental Het nonsense								
CFTR																										Predisposing Het missense					
CHRFAM7A											Causative Het missense/splicing	Causative Het missense/splicing		Causative Het missense/splicing																	
CHRNA10																	Causative Het missense														
CHRNE																Causative Het missense															
CLCN1																	Causative Het missense														
CLCNKA		Contributory Het splicing	Contributory Het in frame indel																												
COL4A3							Contributory Het missense																								
COL6A3																			Contributory Het nonsense												
CR2													Contributory Het missense																		
CUBN									Causative Het frameshift																						
ELOVL4																		Contributory Het missense													
ENO3					Causative Het frameshift																										
F5																					Contributory Het missense	Contributory Het missense	Contributory Het missense								
FCRL1																										Contributory Het nonsense					
FCSK																											Causative Het missense	Causative Het missense			
G6PD																						Causative Het missense	Causative Het missense								
HADHA															Causative Het missense																
HAGHL																										Causative Het frameshift					
HFE											Contributory Het missense	Contributory Het missense	Contributory Het missense																Predisposing Het missense		
HYCC1/KLHL7/NUP42/GPNMB/IL6/TOMM7																														Causative Het SV duplication	
KCNJ18	Causative Hom nonsense	Causative Het missense	Causative Het nonsense	Causative Het nonsense																											
LRBA/MAB21L2														Causative Het missense																	
MADD										Contributory Het missense																					
MMACHC																		Causative Het frameshift													
MYH14																									Causative Het missense						
MYH7																									Causative Het missense						
NLRC4															Causative Het frameshift																
NLRP12										Causative Het missense																					
NOD2																	Contributory Het frameshift												Predisposing Het frameshift		
PGAM2						Causative Het missense																									
RYR1														Contributory Het missense																	
SBF1				Contributory Het missense/splicing																											
SCNN1B																											Contributory Het missense	Contributory Het missense			
SIAE											Contributory Het nonsense	Contributory Het nonsense																			
SLC12A3																			Causative Het frameshift	Causative Het frameshift											
SLC12A9															Contributory Het missense																
SLC16A3															Contributory Het missense																
SLC3A1								Contributory Het missense																							
SLC4A1																								Causative Het missense							
SLC7A9																											Contributory Het missense	Contributory Het missense			
SPTA1																					Causative Het splicing	Causative Het splicing	Causative Het splicing			Causative Het splicing					
SURF1						Contributory Het missense																									
TACO1						Causative Het missense/splicing																									
TG		Predisposing Het nonsense																													
TRPM2																													Causative Het nonsense		
