RNA_Samples_id,DNA_Samples_id,Family,Gender,Relation,Affected,Gene,DNA change,AA change,Homo/Het,Gene Combination
LW001974,LW000483,1,F,Proband,Yes,HAGHL,16:729419_729437delTGCAGTGGGGGCTCCTGAG,W273Pfs*20,Het,
LW001974,LW000483,1,F,Proband,Yes,GIMAP2,7:150692435C>A,S50X,Het,
LW001974,LW000483,1,F,Proband,Yes,P2RX7,12:121165384C>G,N187K,Het,
LW001975,LW000484,1,F,Mother,No,,,,,
LW001993,LW000502,2,F,Proband,Yes,CARMIL2,16:67657286A>G,K1389E,Het,
LW001993,LW000502,2,F,Proband,Yes,CFAP92,3:128910335_128910336delTG,c.1692+186_1692+187delTG,Het,Yes
LW001993,LW000502,2,F,Proband,Yes,ACAD9,3:128910335_128910336delTG,c.1692+186_1692+187delTG,Het,Yes
LW001998,LW000507,2,F,Mother,No,CARMIL2,16:67657286A>G,K1389E,Het,
LW001976,LW000485,3,F,Proband,Yes,NLRP12,1:953798259T>C,R971G,Het,
LW001976,LW000485,3,F,Proband,Yes,ADRA1D,20:4248030C>T,G310S,Het,
LW001976,LW000485,3,F,Proband,Yes,DCTPP1,16:30429081_30429082insC,E63Gfs*35,Het,
LW001977,LW000486,3,F,Mother,No,,,,,
LW001989,LW000498,4,F,Proband,Yes,PLCG2,16:81883307A>G,H244R,Het,
LW001989,LW000498,4,F,Proband,Yes,TRAFD1,12:112145643A>C,E303A,Het,
LW001983,LW000492,4,F,Mother,No,,,,,
LW001980,LW000489,5,F,Proband,Yes,PGP,16:2213835C>T,G287R,Het,
LW001980,LW000489,5,F,Proband,Yes,ADORA2A,22:24434845G>A,c.332+1109G>A,Het,
LW001980,LW000489,5,F,Proband,Yes,FCRL3,1:157697857G>A,Q121*,Het,
LW001980,LW000489,5,F,Proband,Yes,COQ2,4:83284851T>A,R22*,Het,
LW001980,LW000489,5,F,Proband,Yes,PIEZO1,16:88727631G>A,P1076L,Het,
LW001999,LW000508,5,F,Mother,No,FCRL3,1:157697857G>A,Q121*,Het,
LW001999,LW000508,5,F,Mother,No,PGP,16:2213835C>T,G287R,Het,
LW001990,LW000499,5,F,Proband,Yes,RPS6KC1,1:213241285A>G,I603M,Het,
LW001990,LW000499,5,F,Proband,Yes,COQ2,4:83284851T>A,R22*,Het,
LW001990,LW000499,5,F,Proband,Yes,FCRL3,1:157697857G>A,Q121*,Het,
LW001988,LW000497,6,F,Proband,Yes,SIAE,11:12464808T>A,K271*,Het,
LW001988,LW000497,6,F,Proband,Yes,DPEP1,16:89636589G>A,G143S,Het,
LW001988,LW000497,6,F,Proband,Yes,IRF2BP2,1:234609247G>A,P83L,Het,
LW001988,LW000497,6,F,Proband,Yes,THEMIS,6:127813581C>G,D354H,Het,
LW001985,LW000494,6,M,Father,No,IRF2BP2,1:234609247G>A,P83L,Het,
LW001987,LW000496,6,F,Proband/Mother,Yes,SIAE,11:12464808T>A,K271*,Het,
LW001987,LW000496,6,F,Proband/Mother,Yes,THEMIS,6:127813581C>G,D354H,Het,
LW001986,LW000495,7,F,Proband,Yes,LRBA,4:150583675T>A,Y216N,Het,Yes
LW001986,LW000495,7,F,Proband,Yes,MAB21L2,4:150583675T>A,Y216N,Het,Yes
LW001986,LW000495,7,F,Proband,Yes,ANKZF1,2:219235536G>A,R585Q,Het,
LW001986,LW000495,7,F,Proband,Yes,SCN4A,17:63957197C>T,V781I,Het,
LW001986,LW000495,7,F,Proband,Yes,DNASE1L3,3:58197909G>A,R206C,Het,
LW001986,LW000495,7,F,Proband,Yes,TDO2,4:155911563A>C,N229H,Het,
LW001995,LW000504,8,F,Proband,Yes,SLC4A1,17:44257747C>A,G448V,Het,
LW001995,LW000504,8,F,Proband,Yes,UBASH3B,11:122777079G>A,V91I,Het,
LW001995,LW000504,8,F,Proband,Yes,WASHC5,8:125044549G>A,V885A,Het,
LW001982,LW000491,9,F,Proband,Yes,SLC12A3,16:56870704A>ACTCGG,,Het,
LW001982,LW000491,9,F,Proband,Yes,SLC12A3,16:56870702C>CGTGGTCTCGGT,,Het,
LW001982,LW000491,9,F,Proband,Yes,SLC12A3,16:56870692GT > G,,Het,
LW001982,LW000491,9,F,Proband,Yes,SLC12A3,16:56870695C>CA,,Het,
LW001982,LW000491,9,F,Proband,Yes,SLC12A3,16:56870697G>GGTCA,,Het,
LW001982,LW000491,9,F,Proband,Yes,AVPR1B,1:206116696C>G,K65N,Het,
LW001982,LW000491,9,F,Proband,Yes,SLC6A12,12:197451C>T,G334E,Het,
LW001982,LW000491,9,F,Proband,Yes,KCNJ18,17:21703119C>G,D111E,Het,
LW001982,LW000491,9,F,Proband,Yes,FASTKD1,2:169530622G>GT,R803Tfs*17,Het,
LW001996,LW000505,9,F,Proband,Yes,SLC12A3,16:56870704A>ACTCGG,,Het,
LW001996,LW000505,9,F,Proband,Yes,SLC12A3,16:56870702C>CGTGGTCTCGGT,,Het,
LW001996,LW000505,9,F,Proband,Yes,SLC12A3,16:56870692GT > G,,Het,
LW001996,LW000505,9,F,Proband,Yes,SLC12A3,16:56870695C>CA,,Het,
LW001996,LW000505,9,F,Proband,Yes,SLC12A3,16:56870697G>GGTCA,,Het,
LW001996,LW000505,9,F,Proband,Yes,HSD11B1,1:209707021G>A,R137H,Het,
LW001994,LW000503,10,M,Proband,Yes,ACADM,1:75732886C>T,L84F,Het,
LW001994,LW000503,10,M,Proband,Yes,GCKR,2:27507302C>CA,T379Nfs*36,Het,
LW001994,LW000503,10,M,Proband,Yes,LRCOL1,12:132610322C>T,c.-14+1G>A,Het,
LW001994,LW000503,10,M,Proband,Yes,RERGL,12:18081418G>A,R131*,Het,
LW001994,LW000503,10,M,Proband,Yes,SLC9A9,3:143652359C>T,V217V,Het,
LW001994,LW000503,10,M,Proband,Yes,TF,3:133764192C>T,A405V,Het,
LW001994,LW000503,10,M,Proband,Yes,MFN1,3:179390069A>G,E693G,Het,
LW001981,LW000490,10,F,Proband/Mother,Yes,ACADM,1:75732886C>T,L84F,Het,
LW001981,LW000490,10,F,Proband/Mother,Yes,LRCOL1,12:132610322C>T,c.-14+1G>A,Het,
LW001981,LW000490,10,F,Proband/Mother,Yes,RERGL,12:18081418 G > A,R131*,Het,
LW001981,LW000490,10,F,Proband/Mother,Yes,TF,3:133764192C>T,A405V,Het,
LW001981,LW000490,10,F,Proband/Mother,Yes,GCKR,2:27507302 C>CA,T379Nfs*36,Het,
LW001981,LW000490,10,F,Proband/Mother,Yes,MRPS18B,6:30619602G>T,c.187+1G>T,Het,
LW001991,LW000500,11,F,Proband,Yes,CR2,1:207477972C>T,T938I,Het,
LW001991,LW000500,11,F,Proband,Yes,SLC11A2,12:50992234G>T,L435I,Het,
LW001991,LW000500,11,F,Proband,Yes,COL5A2,2:189068038G>A,P460S,Het,
LW001991,LW000500,11,F,Proband,Yes,TDO2,4:155911563A>C,N229H,Het,
LW001984,LW000493,11,M,Father,No,,,,,
LW001978,LW000126,12,F,Proband,Yes,HAGHL,16:728404,D126G,Het,
LW001978,LW000126,12,F,Proband,Yes,ENO3,17:4956111C>CCAGAT,G348Rfs*5,Het,
LW001997,LW000506,13,F,Proband/Mother,Yes,CCDC178,18:33348888A>G,c.457+2T>C,Homo,
LW001997,LW000506,13,F,Proband/Mother,Yes,CENPF,1:214651845G>T,E2707*,Het,
LW001979,LW000488,13,F,Proband,Yes,CCDC178,18:33348888A>G,c.457+2T>C,Het,
LW001979,LW000488,13,F,Proband,Yes,CENPF,1:214651845G>T,E2707*,Het,
LW002000,LW000509,13,F,Proband,Yes,CCDC178,18:33348888A>G,c.457+2T>C,Het,
LW002000,LW000509,13,F,Proband,Yes,CENPF,1:214651845G>T,E2707*,Het,
LW002080,LW002079,14,F,Proband,Yes,,Not Yet Analyzed,,,
LW002001,LW000510,15,F,Proband,Yes,,Not Yet Analyzed,,,
LW001992,LW000501,16,F,Proband,Yes,,Not Yet Analyzed,,,